<?xml version="1.0" encoding="UTF-8"?><?xml-stylesheet type='text/xsl' href='_UpgradeReport_Files/UpgradeReport.xslt'?><UpgradeLog>
<Properties><Property Name="Solution" Value="Service Record">
</Property><Property Name="Solution File" Value="F:\Project\Negros Saturn\Service Record\Service Record.sln">
</Property><Property Name="User Options File" Value="F:\Project\Negros Saturn\Service Record\Service Record.suo">
</Property><Property Name="Date" Value="Saturday, April 26, 2008">
</Property><Property Name="Time" Value="22:16 PM">
</Property><Property Name="Log Number" Value="2">
</Property></Properties><Event ErrorLevel="0" Project="" Source="Service Record.sln" Description="File successfully backed up as F:\Project\Negros Saturn\Service Record\Backup1\Service Record.sln">
</Event><Event ErrorLevel="0" Project="" Source="Service Record.suo" Description="File successfully backed up as F:\Project\Negros Saturn\Service Record\Backup1\Service Record.suo">
</Event><Event ErrorLevel="0" Project="Service Record" Source="Service Record.vbproj" Description="Project file successfully backed up as F:\Project\Negros Saturn\Service Record\Backup1\Service Record.vbproj">
</Event><Event ErrorLevel="0" Project="Service Record" Source="Service Record.vbproj.user" Description="Project user file successfully backed up as F:\Project\Negros Saturn\Service Record\Backup1\Service Record.vbproj.user">
</Event><Event ErrorLevel="0" Project="Service Record" Source="About.vb" Description="File successfully backed up as F:\Project\Negros Saturn\Service Record\Backup1\About.vb">
</Event><Event ErrorLevel="0" Project="Service Record" Source="Accounts.vb" Description="File successfully backed up as F:\Project\Negros Saturn\Service Record\Backup1\Accounts.vb">
</Event><Event ErrorLevel="0" Project="Service Record" Source="Addresses.vb" Description="File successfully backed up as F:\Project\Negros Saturn\Service Record\Backup1\Addresses.vb">
</Event><Event ErrorLevel="0" Project="Service Record" Source="AssemblyInfo.vb" Description="File successfully backed up as F:\Project\Negros Saturn\Service Record\Backup1\AssemblyInfo.vb">
</Event><Event ErrorLevel="0" Project="Service Record" Source="bin\Reports\rptHistoryCard.vb" Description="File successfully backed up as F:\Project\Negros Saturn\Service Record\Backup1\bin\Reports\rptHistoryCard.vb">
</Event><Event ErrorLevel="0" Project="Service Record" Source="bin\Reports\rptPartsRecord.vb" Description="File successfully backed up as F:\Project\Negros Saturn\Service Record\Backup1\bin\Reports\rptPartsRecord.vb">
</Event><Event ErrorLevel="0" Project="Service Record" Source="CGridNew.vb" Description="File successfully backed up as F:\Project\Negros Saturn\Service Record\Backup1\CGridNew.vb">
</Event><Event ErrorLevel="0" Project="Service Record" Source="Customers.vb" Description="File successfully backed up as F:\Project\Negros Saturn\Service Record\Backup1\Customers.vb">
</Event><Event ErrorLevel="0" Project="Service Record" Source="CustParts.vb" Description="File successfully backed up as F:\Project\Negros Saturn\Service Record\Backup1\CustParts.vb">
</Event><Event ErrorLevel="0" Project="Service Record" Source="CustService.vb" Description="File successfully backed up as F:\Project\Negros Saturn\Service Record\Backup1\CustService.vb">
</Event><Event ErrorLevel="0" Project="Service Record" Source="DBPath.vb" Description="File successfully backed up as F:\Project\Negros Saturn\Service Record\Backup1\DBPath.vb">
</Event><Event ErrorLevel="0" Project="Service Record" Source="DsService.Designer.vb" Description="File successfully backed up as F:\Project\Negros Saturn\Service Record\Backup1\DsService.Designer.vb">
</Event><Event ErrorLevel="0" Project="Service Record" Source="gModule.vb" Description="File successfully backed up as F:\Project\Negros Saturn\Service Record\Backup1\gModule.vb">
</Event><Event ErrorLevel="0" Project="Service Record" Source="HistoryCard.vb" Description="File successfully backed up as F:\Project\Negros Saturn\Service Record\Backup1\HistoryCard.vb">
</Event><Event ErrorLevel="0" Project="Service Record" Source="HistoryCardDialog.vb" Description="File successfully backed up as F:\Project\Negros Saturn\Service Record\Backup1\HistoryCardDialog.vb">
</Event><Event ErrorLevel="0" Project="Service Record" Source="KDNGrid.vb" Description="File successfully backed up as F:\Project\Negros Saturn\Service Record\Backup1\KDNGrid.vb">
</Event><Event ErrorLevel="0" Project="Service Record" Source="Login.vb" Description="File successfully backed up as F:\Project\Negros Saturn\Service Record\Backup1\Login.vb">
</Event><Event ErrorLevel="0" Project="Service Record" Source="Menu.vb" Description="File successfully backed up as F:\Project\Negros Saturn\Service Record\Backup1\Menu.vb">
</Event><Event ErrorLevel="0" Project="Service Record" Source="Parts.vb" Description="File successfully backed up as F:\Project\Negros Saturn\Service Record\Backup1\Parts.vb">
</Event><Event ErrorLevel="0" Project="Service Record" Source="Parts1.vb" Description="File successfully backed up as F:\Project\Negros Saturn\Service Record\Backup1\Parts1.vb">
</Event><Event ErrorLevel="0" Project="Service Record" Source="PartsRecord.vb" Description="File successfully backed up as F:\Project\Negros Saturn\Service Record\Backup1\PartsRecord.vb">
</Event><Event ErrorLevel="0" Project="Service Record" Source="PartsRecordDialog.vb" Description="File successfully backed up as F:\Project\Negros Saturn\Service Record\Backup1\PartsRecordDialog.vb">
</Event><Event ErrorLevel="0" Project="Service Record" Source="Password.vb" Description="File successfully backed up as F:\Project\Negros Saturn\Service Record\Backup1\Password.vb">
</Event><Event ErrorLevel="0" Project="Service Record" Source="Service.vb" Description="File successfully backed up as F:\Project\Negros Saturn\Service Record\Backup1\Service.vb">
</Event><Event ErrorLevel="0" Project="Service Record" Source="bin\Data\Service.mdb" Description="File successfully backed up as F:\Project\Negros Saturn\Service Record\Backup1\bin\Data\Service.mdb">
</Event><Event ErrorLevel="0" Project="Service Record" Source="DsService.xsc" Description="File successfully backed up as F:\Project\Negros Saturn\Service Record\Backup1\DsService.xsc">
</Event><Event ErrorLevel="0" Project="Service Record" Source="DsService.xsx" Description="File successfully backed up as F:\Project\Negros Saturn\Service Record\Backup1\DsService.xsx">
</Event><Event ErrorLevel="0" Project="Service Record" Source="DsService.xsd" Description="File successfully backed up as F:\Project\Negros Saturn\Service Record\Backup1\DsService.xsd">
</Event><Event ErrorLevel="0" Project="Service Record" Source="About.resx" Description="File successfully backed up as F:\Project\Negros Saturn\Service Record\Backup1\About.resx">
</Event><Event ErrorLevel="0" Project="Service Record" Source="Accounts.resx" Description="File successfully backed up as F:\Project\Negros Saturn\Service Record\Backup1\Accounts.resx">
</Event><Event ErrorLevel="0" Project="Service Record" Source="Addresses.resx" Description="File successfully backed up as F:\Project\Negros Saturn\Service Record\Backup1\Addresses.resx">
</Event><Event ErrorLevel="0" Project="Service Record" Source="bin\Reports\rptHistoryCard.rpt" Description="File successfully backed up as F:\Project\Negros Saturn\Service Record\Backup1\bin\Reports\rptHistoryCard.rpt">
</Event><Event ErrorLevel="0" Project="Service Record" Source="bin\Reports\rptPartsRecord.rpt" Description="File successfully backed up as F:\Project\Negros Saturn\Service Record\Backup1\bin\Reports\rptPartsRecord.rpt">
</Event><Event ErrorLevel="0" Project="Service Record" Source="Customers.resx" Description="File successfully backed up as F:\Project\Negros Saturn\Service Record\Backup1\Customers.resx">
</Event><Event ErrorLevel="0" Project="Service Record" Source="CustParts.resx" Description="File successfully backed up as F:\Project\Negros Saturn\Service Record\Backup1\CustParts.resx">
</Event><Event ErrorLevel="0" Project="Service Record" Source="CustService.resx" Description="File successfully backed up as F:\Project\Negros Saturn\Service Record\Backup1\CustService.resx">
</Event><Event ErrorLevel="0" Project="Service Record" Source="DBPath.resx" Description="File successfully backed up as F:\Project\Negros Saturn\Service Record\Backup1\DBPath.resx">
</Event><Event ErrorLevel="0" Project="Service Record" Source="HistoryCard.resx" Description="File successfully backed up as F:\Project\Negros Saturn\Service Record\Backup1\HistoryCard.resx">
</Event><Event ErrorLevel="0" Project="Service Record" Source="HistoryCardDialog.resx" Description="File successfully backed up as F:\Project\Negros Saturn\Service Record\Backup1\HistoryCardDialog.resx">
</Event><Event ErrorLevel="0" Project="Service Record" Source="KDNGrid.resx" Description="File successfully backed up as F:\Project\Negros Saturn\Service Record\Backup1\KDNGrid.resx">
</Event><Event ErrorLevel="0" Project="Service Record" Source="Login.resx" Description="File successfully backed up as F:\Project\Negros Saturn\Service Record\Backup1\Login.resx">
</Event><Event ErrorLevel="0" Project="Service Record" Source="Menu.resx" Description="File successfully backed up as F:\Project\Negros Saturn\Service Record\Backup1\Menu.resx">
</Event><Event ErrorLevel="0" Project="Service Record" Source="Parts.resx" Description="File successfully backed up as F:\Project\Negros Saturn\Service Record\Backup1\Parts.resx">
</Event><Event ErrorLevel="0" Project="Service Record" Source="Parts1.resx" Description="File successfully backed up as F:\Project\Negros Saturn\Service Record\Backup1\Parts1.resx">
</Event><Event ErrorLevel="0" Project="Service Record" Source="PartsRecord.resx" Description="File successfully backed up as F:\Project\Negros Saturn\Service Record\Backup1\PartsRecord.resx">
</Event><Event ErrorLevel="0" Project="Service Record" Source="PartsRecordDialog.resx" Description="File successfully backed up as F:\Project\Negros Saturn\Service Record\Backup1\PartsRecordDialog.resx">
</Event><Event ErrorLevel="0" Project="Service Record" Source="Password.resx" Description="File successfully backed up as F:\Project\Negros Saturn\Service Record\Backup1\Password.resx">
</Event><Event ErrorLevel="0" Project="Service Record" Source="Service.resx" Description="File successfully backed up as F:\Project\Negros Saturn\Service Record\Backup1\Service.resx">
</Event><Event ErrorLevel="0" Project="Service Record" Source="Service Record.vbproj" Description="Project converted successfully">
</Event><Event ErrorLevel="3" Project="Service Record" Source="Service Record.vbproj" Description="Converted">
</Event><Event ErrorLevel="0" Project="Setup.vdproj" Source="Setup\Setup.vdproj" Description="Project file successfully backed up as F:\Project\Negros Saturn\Service Record\Backup1\Setup\Setup.vdproj">
</Event><Event ErrorLevel="0" Project="" Source="Service Record.sln" Description="Solution converted successfully">
</Event><Event ErrorLevel="3" Project="" Source="Service Record.sln" Description="Converted">
</Event><Event ErrorLevel="0" Project="Service Record" Source="Service Record.vbproj" Description="Scan complete: Upgrade not required for project files.">
</Event></UpgradeLog>