<?xml version="1.0" encoding="UTF-8"?><?xml-stylesheet type='text/xsl' href='_UpgradeReport_Files/UpgradeReport.xslt'?><UpgradeLog>
<Properties><Property Name="Solution" Value="Service Record">
</Property><Property Name="Solution File" Value="D:\Project\Service Record\Service Record.sln">
</Property><Property Name="User Options File" Value="D:\Project\Service Record\Service Record.suo">
</Property><Property Name="Date" Value="Tuesday, August 15, 2006">
</Property><Property Name="Time" Value="21:53 PM">
</Property></Properties><Event ErrorLevel="0" Project="" Source="Service Record.sln" Description="File successfully backed up as D:\Project\Service Record\Backup\Service Record.sln">
</Event><Event ErrorLevel="0" Project="" Source="Service Record.suo" Description="File successfully backed up as D:\Project\Service Record\Backup\Service Record.suo">
</Event><Event ErrorLevel="0" Project="Service Record" Source="Service Record.vbproj" Description="Project file successfully backed up as D:\Project\Service Record\Backup\Service Record.vbproj">
</Event><Event ErrorLevel="0" Project="Service Record" Source="Service Record.vbproj.user" Description="Project user file successfully backed up as D:\Project\Service Record\Backup\Service Record.vbproj.user">
</Event><Event ErrorLevel="0" Project="Service Record" Source="About.vb" Description="File successfully backed up as D:\Project\Service Record\Backup\About.vb">
</Event><Event ErrorLevel="0" Project="Service Record" Source="Accounts.vb" Description="File successfully backed up as D:\Project\Service Record\Backup\Accounts.vb">
</Event><Event ErrorLevel="0" Project="Service Record" Source="Addresses.vb" Description="File successfully backed up as D:\Project\Service Record\Backup\Addresses.vb">
</Event><Event ErrorLevel="0" Project="Service Record" Source="AssemblyInfo.vb" Description="File successfully backed up as D:\Project\Service Record\Backup\AssemblyInfo.vb">
</Event><Event ErrorLevel="0" Project="Service Record" Source="bin\Reports\rptHistoryCard.vb" Description="File successfully backed up as D:\Project\Service Record\Backup\bin\Reports\rptHistoryCard.vb">
</Event><Event ErrorLevel="0" Project="Service Record" Source="bin\Reports\rptPartsRecord.vb" Description="File successfully backed up as D:\Project\Service Record\Backup\bin\Reports\rptPartsRecord.vb">
</Event><Event ErrorLevel="0" Project="Service Record" Source="CGridNew.vb" Description="File successfully backed up as D:\Project\Service Record\Backup\CGridNew.vb">
</Event><Event ErrorLevel="0" Project="Service Record" Source="Customers.vb" Description="File successfully backed up as D:\Project\Service Record\Backup\Customers.vb">
</Event><Event ErrorLevel="0" Project="Service Record" Source="CustParts.vb" Description="File successfully backed up as D:\Project\Service Record\Backup\CustParts.vb">
</Event><Event ErrorLevel="0" Project="Service Record" Source="CustService.vb" Description="File successfully backed up as D:\Project\Service Record\Backup\CustService.vb">
</Event><Event ErrorLevel="0" Project="Service Record" Source="DBPath.vb" Description="File successfully backed up as D:\Project\Service Record\Backup\DBPath.vb">
</Event><Event ErrorLevel="0" Project="Service Record" Source="DsService.vb" Description="File successfully backed up as D:\Project\Service Record\Backup\DsService.vb">
</Event><Event ErrorLevel="0" Project="Service Record" Source="gModule.vb" Description="File successfully backed up as D:\Project\Service Record\Backup\gModule.vb">
</Event><Event ErrorLevel="0" Project="Service Record" Source="HistoryCard.vb" Description="File successfully backed up as D:\Project\Service Record\Backup\HistoryCard.vb">
</Event><Event ErrorLevel="0" Project="Service Record" Source="HistoryCardDialog.vb" Description="File successfully backed up as D:\Project\Service Record\Backup\HistoryCardDialog.vb">
</Event><Event ErrorLevel="0" Project="Service Record" Source="KDNGrid.vb" Description="File successfully backed up as D:\Project\Service Record\Backup\KDNGrid.vb">
</Event><Event ErrorLevel="0" Project="Service Record" Source="Login.vb" Description="File successfully backed up as D:\Project\Service Record\Backup\Login.vb">
</Event><Event ErrorLevel="0" Project="Service Record" Source="Menu.vb" Description="File successfully backed up as D:\Project\Service Record\Backup\Menu.vb">
</Event><Event ErrorLevel="0" Project="Service Record" Source="Parts.vb" Description="File successfully backed up as D:\Project\Service Record\Backup\Parts.vb">
</Event><Event ErrorLevel="0" Project="Service Record" Source="Parts1.vb" Description="File successfully backed up as D:\Project\Service Record\Backup\Parts1.vb">
</Event><Event ErrorLevel="0" Project="Service Record" Source="PartsRecord.vb" Description="File successfully backed up as D:\Project\Service Record\Backup\PartsRecord.vb">
</Event><Event ErrorLevel="0" Project="Service Record" Source="PartsRecordDialog.vb" Description="File successfully backed up as D:\Project\Service Record\Backup\PartsRecordDialog.vb">
</Event><Event ErrorLevel="0" Project="Service Record" Source="Password.vb" Description="File successfully backed up as D:\Project\Service Record\Backup\Password.vb">
</Event><Event ErrorLevel="0" Project="Service Record" Source="Service.vb" Description="File successfully backed up as D:\Project\Service Record\Backup\Service.vb">
</Event><Event ErrorLevel="2" Project="Service Record" Source="bin\Data\Service.mdb" Description="Failed to backup file as D:\Project\Service Record\Backup\bin\Data\Service.mdb">
</Event><Event ErrorLevel="0" Project="Service Record" Source="DsService.xsx" Description="File successfully backed up as D:\Project\Service Record\Backup\DsService.xsx">
</Event><Event ErrorLevel="0" Project="Service Record" Source="DsService.xsd" Description="File successfully backed up as D:\Project\Service Record\Backup\DsService.xsd">
</Event><Event ErrorLevel="0" Project="Service Record" Source="About.resx" Description="File successfully backed up as D:\Project\Service Record\Backup\About.resx">
</Event><Event ErrorLevel="0" Project="Service Record" Source="Accounts.resx" Description="File successfully backed up as D:\Project\Service Record\Backup\Accounts.resx">
</Event><Event ErrorLevel="0" Project="Service Record" Source="Addresses.resx" Description="File successfully backed up as D:\Project\Service Record\Backup\Addresses.resx">
</Event><Event ErrorLevel="0" Project="Service Record" Source="bin\Reports\rptHistoryCard.rpt" Description="File successfully backed up as D:\Project\Service Record\Backup\bin\Reports\rptHistoryCard.rpt">
</Event><Event ErrorLevel="0" Project="Service Record" Source="bin\Reports\rptPartsRecord.rpt" Description="File successfully backed up as D:\Project\Service Record\Backup\bin\Reports\rptPartsRecord.rpt">
</Event><Event ErrorLevel="0" Project="Service Record" Source="Customers.resx" Description="File successfully backed up as D:\Project\Service Record\Backup\Customers.resx">
</Event><Event ErrorLevel="0" Project="Service Record" Source="CustParts.resx" Description="File successfully backed up as D:\Project\Service Record\Backup\CustParts.resx">
</Event><Event ErrorLevel="0" Project="Service Record" Source="CustService.resx" Description="File successfully backed up as D:\Project\Service Record\Backup\CustService.resx">
</Event><Event ErrorLevel="0" Project="Service Record" Source="DBPath.resx" Description="File successfully backed up as D:\Project\Service Record\Backup\DBPath.resx">
</Event><Event ErrorLevel="0" Project="Service Record" Source="HistoryCard.resx" Description="File successfully backed up as D:\Project\Service Record\Backup\HistoryCard.resx">
</Event><Event ErrorLevel="0" Project="Service Record" Source="HistoryCardDialog.resx" Description="File successfully backed up as D:\Project\Service Record\Backup\HistoryCardDialog.resx">
</Event><Event ErrorLevel="0" Project="Service Record" Source="KDNGrid.resx" Description="File successfully backed up as D:\Project\Service Record\Backup\KDNGrid.resx">
</Event><Event ErrorLevel="0" Project="Service Record" Source="Login.resx" Description="File successfully backed up as D:\Project\Service Record\Backup\Login.resx">
</Event><Event ErrorLevel="0" Project="Service Record" Source="Menu.resx" Description="File successfully backed up as D:\Project\Service Record\Backup\Menu.resx">
</Event><Event ErrorLevel="0" Project="Service Record" Source="Parts.resx" Description="File successfully backed up as D:\Project\Service Record\Backup\Parts.resx">
</Event><Event ErrorLevel="0" Project="Service Record" Source="Parts1.resx" Description="File successfully backed up as D:\Project\Service Record\Backup\Parts1.resx">
</Event><Event ErrorLevel="0" Project="Service Record" Source="PartsRecord.resx" Description="File successfully backed up as D:\Project\Service Record\Backup\PartsRecord.resx">
</Event><Event ErrorLevel="0" Project="Service Record" Source="PartsRecordDialog.resx" Description="File successfully backed up as D:\Project\Service Record\Backup\PartsRecordDialog.resx">
</Event><Event ErrorLevel="0" Project="Service Record" Source="Password.resx" Description="File successfully backed up as D:\Project\Service Record\Backup\Password.resx">
</Event><Event ErrorLevel="0" Project="Service Record" Source="Service.resx" Description="File successfully backed up as D:\Project\Service Record\Backup\Service.resx">
</Event><Event ErrorLevel="0" Project="Service Record" Source="Service Record.vbproj" Description="Project converted successfully">
</Event><Event ErrorLevel="3" Project="Service Record" Source="Service Record.vbproj" Description="Converted">
</Event><Event ErrorLevel="0" Project="Setup.vdproj" Source="Setup\Setup.vdproj" Description="Project file successfully backed up as D:\Project\Service Record\Backup\Setup\Setup.vdproj">
</Event><Event ErrorLevel="0" Project="" Source="Service Record.sln" Description="Solution converted successfully">
</Event><Event ErrorLevel="3" Project="" Source="Service Record.sln" Description="Converted">
</Event><Event ErrorLevel="0" Project="Service Record" Source="Service Record.vbproj" Description="Scan complete: Upgrade not required for project files.">
</Event><Event ErrorLevel="0" Project="Setup.vdproj" Source="Setup\Setup.vdproj" Description="Project converted successfully">
</Event><Event ErrorLevel="3" Project="Setup.vdproj" Source="Setup\Setup.vdproj" Description="Converted">
</Event></UpgradeLog>