<?xml version="1.0" encoding="UTF-8"?><?xml-stylesheet type='text/xsl' href='_UpgradeReport_Files/UpgradeReport.xslt'?><UpgradeLog>
<Properties><Property Name="Solution" Value="Payroll System">
</Property><Property Name="Solution File" Value="F:\Project\Negros Saturn\Payroll System\Payroll System.sln">
</Property><Property Name="User Options File" Value="F:\Project\Negros Saturn\Payroll System\Payroll System.suo">
</Property><Property Name="Date" Value="Saturday, April 26, 2008">
</Property><Property Name="Time" Value="22:14 PM">
</Property><Property Name="Log Number" Value="2">
</Property></Properties><Event ErrorLevel="0" Project="" Source="Payroll System.sln" Description="File successfully backed up as F:\Project\Negros Saturn\Payroll System\Backup\Backup\Payroll System.sln">
</Event><Event ErrorLevel="0" Project="" Source="Payroll System.suo" Description="File successfully backed up as F:\Project\Negros Saturn\Payroll System\Backup\Backup\Payroll System.suo">
</Event><Event ErrorLevel="0" Project="Payroll System" Source="Payroll System.vbproj" Description="Project file successfully backed up as F:\Project\Negros Saturn\Payroll System\Backup\Backup\Payroll System.vbproj">
</Event><Event ErrorLevel="0" Project="Payroll System" Source="Payroll System.vbproj.user" Description="Project user file successfully backed up as F:\Project\Negros Saturn\Payroll System\Backup\Backup\Payroll System.vbproj.user">
</Event><Event ErrorLevel="0" Project="Payroll System" Source="About.vb" Description="File successfully backed up as F:\Project\Negros Saturn\Payroll System\Backup\Backup\About.vb">
</Event><Event ErrorLevel="0" Project="Payroll System" Source="AssemblyInfo.vb" Description="File successfully backed up as F:\Project\Negros Saturn\Payroll System\Backup\Backup\AssemblyInfo.vb">
</Event><Event ErrorLevel="0" Project="Payroll System" Source="bin\Reports\EmployeesList.vb" Description="File successfully backed up as F:\Project\Negros Saturn\Payroll System\Backup\Backup\bin\Reports\EmployeesList.vb">
</Event><Event ErrorLevel="0" Project="Payroll System" Source="bin\Reports\PayrollSum.vb" Description="File successfully backed up as F:\Project\Negros Saturn\Payroll System\Backup\Backup\bin\Reports\PayrollSum.vb">
</Event><Event ErrorLevel="0" Project="Payroll System" Source="bin\Reports\Voucher.vb" Description="File successfully backed up as F:\Project\Negros Saturn\Payroll System\Backup\Backup\bin\Reports\Voucher.vb">
</Event><Event ErrorLevel="0" Project="Payroll System" Source="Company.vb" Description="File successfully backed up as F:\Project\Negros Saturn\Payroll System\Backup\Backup\Company.vb">
</Event><Event ErrorLevel="0" Project="Payroll System" Source="dbSelect.vb" Description="File successfully backed up as F:\Project\Negros Saturn\Payroll System\Backup\Backup\dbSelect.vb">
</Event><Event ErrorLevel="0" Project="Payroll System" Source="Division.vb" Description="File successfully backed up as F:\Project\Negros Saturn\Payroll System\Backup\Backup\Division.vb">
</Event><Event ErrorLevel="0" Project="Payroll System" Source="dsPayroll.Designer.vb" Description="File successfully backed up as F:\Project\Negros Saturn\Payroll System\Backup\Backup\dsPayroll.Designer.vb">
</Event><Event ErrorLevel="0" Project="Payroll System" Source="Employee.vb" Description="File successfully backed up as F:\Project\Negros Saturn\Payroll System\Backup\Backup\Employee.vb">
</Event><Event ErrorLevel="0" Project="Payroll System" Source="gModule.vb" Description="File successfully backed up as F:\Project\Negros Saturn\Payroll System\Backup\Backup\gModule.vb">
</Event><Event ErrorLevel="0" Project="Payroll System" Source="ListItem.vb" Description="File successfully backed up as F:\Project\Negros Saturn\Payroll System\Backup\Backup\ListItem.vb">
</Event><Event ErrorLevel="0" Project="Payroll System" Source="ListofEmpReport.vb" Description="File successfully backed up as F:\Project\Negros Saturn\Payroll System\Backup\Backup\ListofEmpReport.vb">
</Event><Event ErrorLevel="0" Project="Payroll System" Source="Login.vb" Description="File successfully backed up as F:\Project\Negros Saturn\Payroll System\Backup\Backup\Login.vb">
</Event><Event ErrorLevel="0" Project="Payroll System" Source="Menu.vb" Description="File successfully backed up as F:\Project\Negros Saturn\Payroll System\Backup\Backup\Menu.vb">
</Event><Event ErrorLevel="0" Project="Payroll System" Source="Password.vb" Description="File successfully backed up as F:\Project\Negros Saturn\Payroll System\Backup\Backup\Password.vb">
</Event><Event ErrorLevel="0" Project="Payroll System" Source="Payroll.vb" Description="File successfully backed up as F:\Project\Negros Saturn\Payroll System\Backup\Backup\Payroll.vb">
</Event><Event ErrorLevel="0" Project="Payroll System" Source="ReportDialog.vb" Description="File successfully backed up as F:\Project\Negros Saturn\Payroll System\Backup\Backup\ReportDialog.vb">
</Event><Event ErrorLevel="0" Project="Payroll System" Source="Reports.vb" Description="File successfully backed up as F:\Project\Negros Saturn\Payroll System\Backup\Backup\Reports.vb">
</Event><Event ErrorLevel="0" Project="Payroll System" Source="dsPayroll.xsd" Description="File successfully backed up as F:\Project\Negros Saturn\Payroll System\Backup\Backup\dsPayroll.xsd">
</Event><Event ErrorLevel="0" Project="Payroll System" Source="About.resx" Description="File successfully backed up as F:\Project\Negros Saturn\Payroll System\Backup\Backup\About.resx">
</Event><Event ErrorLevel="0" Project="Payroll System" Source="bin\Reports\EmployeesList.rpt" Description="File successfully backed up as F:\Project\Negros Saturn\Payroll System\Backup\Backup\bin\Reports\EmployeesList.rpt">
</Event><Event ErrorLevel="0" Project="Payroll System" Source="bin\Reports\PayrollSum.rpt" Description="File successfully backed up as F:\Project\Negros Saturn\Payroll System\Backup\Backup\bin\Reports\PayrollSum.rpt">
</Event><Event ErrorLevel="0" Project="Payroll System" Source="bin\Reports\Voucher.rpt" Description="File successfully backed up as F:\Project\Negros Saturn\Payroll System\Backup\Backup\bin\Reports\Voucher.rpt">
</Event><Event ErrorLevel="0" Project="Payroll System" Source="Company.resx" Description="File successfully backed up as F:\Project\Negros Saturn\Payroll System\Backup\Backup\Company.resx">
</Event><Event ErrorLevel="0" Project="Payroll System" Source="dbSelect.resx" Description="File successfully backed up as F:\Project\Negros Saturn\Payroll System\Backup\Backup\dbSelect.resx">
</Event><Event ErrorLevel="0" Project="Payroll System" Source="Division.resx" Description="File successfully backed up as F:\Project\Negros Saturn\Payroll System\Backup\Backup\Division.resx">
</Event><Event ErrorLevel="0" Project="Payroll System" Source="Employee.resx" Description="File successfully backed up as F:\Project\Negros Saturn\Payroll System\Backup\Backup\Employee.resx">
</Event><Event ErrorLevel="0" Project="Payroll System" Source="ListofEmpReport.resx" Description="File successfully backed up as F:\Project\Negros Saturn\Payroll System\Backup\Backup\ListofEmpReport.resx">
</Event><Event ErrorLevel="0" Project="Payroll System" Source="Login.resx" Description="File successfully backed up as F:\Project\Negros Saturn\Payroll System\Backup\Backup\Login.resx">
</Event><Event ErrorLevel="0" Project="Payroll System" Source="Menu.resx" Description="File successfully backed up as F:\Project\Negros Saturn\Payroll System\Backup\Backup\Menu.resx">
</Event><Event ErrorLevel="0" Project="Payroll System" Source="Password.resx" Description="File successfully backed up as F:\Project\Negros Saturn\Payroll System\Backup\Backup\Password.resx">
</Event><Event ErrorLevel="0" Project="Payroll System" Source="Payroll.resx" Description="File successfully backed up as F:\Project\Negros Saturn\Payroll System\Backup\Backup\Payroll.resx">
</Event><Event ErrorLevel="0" Project="Payroll System" Source="ReportDialog.resx" Description="File successfully backed up as F:\Project\Negros Saturn\Payroll System\Backup\Backup\ReportDialog.resx">
</Event><Event ErrorLevel="0" Project="Payroll System" Source="Reports.resx" Description="File successfully backed up as F:\Project\Negros Saturn\Payroll System\Backup\Backup\Reports.resx">
</Event><Event ErrorLevel="0" Project="Payroll System" Source="Payroll System.vbproj" Description="Project converted successfully">
</Event><Event ErrorLevel="3" Project="Payroll System" Source="Payroll System.vbproj" Description="Converted">
</Event><Event ErrorLevel="0" Project="" Source="Payroll System.sln" Description="Solution converted successfully">
</Event><Event ErrorLevel="3" Project="" Source="Payroll System.sln" Description="Converted">
</Event><Event ErrorLevel="0" Project="Payroll System" Source="Payroll System.vbproj" Description="Scan complete: Upgrade not required for project files.">
</Event></UpgradeLog>